{"cameraMode":{"drawMode":0,"name":"Shaded","section":"Shading Mode"},"sceneLighting":true,"audioPlay":false,"sceneViewState":{"showFog":true,"showMaterialUpdate":false,"showSkybox":true,"showFlares":true,"showImageEffects":true,"showParticleSystems":true},"in2DMode":false,"pivot":{"x":0.4027090072631836,"y":1.733586311340332,"z":1.310420274734497},"rotation":{"x":0.20240667462348939,"y":-0.7485786080360413,"z":0.2642184793949127,"w":0.5734546780586243},"size":13.06794548034668,"orthographic":false}